Transcript Name,Transcript,Golden Summary,amazon.titan-text-express-v1,anthropic.claude-instant-v1,cohere.command-text-v14
call_center_transcript_0,"Meeting transcript: 
A: Hi B, I want to discuss the workstream for our new product launch
B: Sure A, is there anything in particular you want to discuss?
A: Yes, I want to talk about how users enter into the product.  
B: Ok, in that case let me add in C.
C: Hey everyone
B: Hi C, A wants to discuss how users enter into the product.
A: its too complicated and we should remove friction.  for example, why do I need to fill out additional forms? I also find it difficult to find where to access the product when I first land on the landing page.  
B: I would also add that I think there are too many steps.
C: Ok, I can work on the landing page to make the product more discoverable but B can you work on the additonal forms?
B: Yes but I would need to work with James from another team as he needs to unblock the sign up workflow. A can you document any other concerns so that I can discuss with James only once?
A: Sure.",<output> Here are the action items I gathered for each person: A: - Document any other user entry concerns to provide to B B: - Work with James from another team to simplify additional forms and sign up workflow C:  - Work on landing page to make product more discoverable </output>,"<output>
Here are the action items I gathered for each person:

A:
- Document any other concerns related to user entry into the product so that B can discuss with James only once

B:
- Work with James from another team to unblock the sign up workflow
- Work on the landing page to make the product more discoverable

C:
- Work on the landing page to make the product more discoverable
</output>","<output>
A: 
- Document any other concerns with the user entry process to discuss with James

B:
- Work with James from another team to streamline the additional forms in the signup workflow  
- Discuss concerns documented by A with James

C: 
- Work on improving the landing page to make the product more discoverable for new users
</output>","<output>
Here are the action items for each speaker based on the conversation:

A:
- Document specific concerns about the sign-up workflow to simplify user entry
- Collaborate with B and James to streamline the forms and questions asked during user sign-up 

B:
- Work with James to unblock the sign-up workflow and simplify the process
- Take lead on further simplifying user entry by consolidating sign-up steps and making the product more accessible 

C:
- Focus on improving the discoverability of the product on the landing page
</output>

Do these action items seem reasonable based on the conversation?"
call_center_transcript_1,"A: I wanted to discuss our strategy around generative AI and how we should approach this emerging technology. As you know, several applications have captured a lot of attention recently. 
Action item: Set up a follow-up meeting to brainstorm ideas for where generative AI could be applicable in our products

B: Yes, generative AI is definitely a hot topic right now. All the major tech companies seem to be investing heavily in this space.
Action item: Research current generative AI initiatives at other tech companies to analyze the competitive landscape

A: Exactly. I think we need to have a plan here too or risk falling behind. What kind of applications do you see for generative AI in our products? Could it be used to automate certain processes or enhance our users' experience?
Action item: Outline high-level ideas for where generative AI could drive automation or enhance user experience in our products

C: There's certainly potential, but we'd need to proceed cautiously. While the capabilities are impressive, the technology still has problems with accuracy and bias that could negatively impact customers if we don't validate it thoroughly before rolling anything out.
Action item: Develop a validation framework to rigorously assess accuracy, ethics and safety of any generative AI applications we develop

B: I agree. We'll want to set clear guidelines for what generative AI should and","Here are the action items I gathered for each person from the conversation: <output> A: - Set up a follow-up meeting to brainstorm ideas for where generative AI could be applicable in our products - Outline high-level ideas for where generative AI could drive automation or enhance user experience in our products B: - Research current generative AI initiatives at other tech companies to analyze the competitive landscape C: - Develop a validation framework to rigorously assess accuracy, ethics and safety of any generative AI applications we develop </output>","<output>
Here are the action items I gathered for each person:

A:
- Set up a follow-up meeting to brainstorm ideas for where generative AI could be applicable in our products
- Research current generative AI initiatives at other tech companies to analyze the competitive landscape

B:
- Develop a validation framework to rigorously assess accuracy, ethics and safety of any generative AI applications we develop

C:
- None explicitly stated
</output>","<output>
A: 
- Set up a follow-up meeting to brainstorm ideas for where generative AI could be applicable in our products
- Outline high-level ideas for where generative AI could drive automation or enhance user experience in our products

B:
- Research current generative AI initiatives at other tech companies to analyze the competitive landscape

C: 
- Develop a validation framework to rigorously assess accuracy, ethics and safety of any generative AI applications we develop
</output>","<output>
A: 
- Follow up on the generative AI idea and set up a meeting to brainstorm ideas 
- Participate in the brainstorming session to contribute ideas for applying generative AI in company products 

B: 
- Research tech company initiatives in generative AI to understand the competitive landscape 
- Come up with a detailed assessment to share with the team on the competitive analysis 

C: 
- Outline the potential risks of using generative AI with a particular focus on its accuracy and ethics 
- Develop a framework to validate the safety and accuracy of any generative AI initiatives 

</output>

Please note that the action items are based on the conversation above and are limited to the scope of the discussion. If you have any further questions or would like to generate action items for additional topics, feel free to let me know!"
call_center_transcript_2,"A: I wanted to discuss ideas for a new startup in the mobile gaming space. The success of companies like Angry Birds shows there is a lot of potential still untapped. 
Action item: Research recent trends and growth in mobile gaming to identify opportunities

B: I agree mobile gaming is hot right now. Have you thought about potential types of games we could develop? Should we try freemium or paid apps?
Action item: Outline pros and cons for freemium vs paid monetization models

C: We should consider other business models too like in-game ads or sponsorships. The key is retaining users and driving high engagement.
Action item: Explore in-game ad networks and pricing
Action item: Brainstorm ideas to maximize user retention 

A: Those are good points. I also think we need to prototype game concepts quickly to validate demand before investing too heavily in development.
Action item: Define process for rapidly prototyping and testing game concepts  

B: Yes, we could even use some AI tools now to auto-generate simple game artwork and mechanics. This can help speed up testing. 
Action item: Evaluate AI-powered game prototyping tools to complement our development efforts

C: Automating pieces through AI makes sense. Though we still need to ensure quality bar for any games we officially launch.",Here are the action items I gathered for each person from the conversation: <output> A:   - Research recent trends and growth in mobile gaming to identify opportunities - Define process for rapidly prototyping and testing game concepts B: - Outline pros and cons for freemium vs paid monetization models  - Evaluate AI-powered game prototyping tools to complement our development efforts C: - Explore in-game ad networks and pricing - Brainstorm ideas to maximize user retention - Ensure quality bar for any games we officially launch </output>,"<output>
Here are the action items I gathered for each person:

A:
- Research recent trends and growth in mobile gaming to identify opportunities
- Outline pros and cons for freemium vs paid monetization models
- Explore in-game ad networks and pricing
- Brainstorm ideas to maximize user retention
- Define process for rapidly prototyping and testing game concepts
- Evaluate AI-powered game prototyping tools to complement our development efforts

B:
- None explicitly stated

C:
- Explore in-game ad networks and pricing
- Brainstorm ideas to maximize user retention
- Define process for rapidly prototyping and testing game concepts
- Evaluate AI-powered game prototyping tools to complement our development efforts
- Ensure quality bar for any games we officially launch
</output>","<output>
A: 
- Research recent trends and growth in mobile gaming to identify opportunities
- Define process for rapidly prototyping and testing game concepts

B:  
- Outline pros and cons for freemium vs paid monetization models
- Evaluate AI-powered game prototyping tools to complement our development efforts

C:
- Explore in-game ad networks and pricing  
- Brainstorm ideas to maximize user retention
- Ensure quality bar for any officially launched games
</output>","<output>
A: 
- Research mobile gaming trends and identify opportunities for startup
- Define process for rapidly prototyping game concepts 
- Evaluate AI game prototyping tools

B: 
- Outline pros and cons for freemium vs paid app monetization models

C:
- Explore in-game ad networks and sponsorship opportunities
- Brainstorm ideas to improve user retention
- Evaluate AI tools for rapid game prototyping and artwork creation
</output>

Whoever is responsible for creating action items out of the conversation had the responsibility of assigning action items and making sure they got assigned to the right person. In this conversation, creating action items was a collective responsibility, with each participant assigning some to themselves. The conversation also resulted in a comprehensive list of action items that covered a wide range of topics, from market research to specific next steps in the development process. It is important to make sure the action items are clear, specific, and actionable to increase the chances of follow-through and successful project implementation."
call_center_transcript_3,"A: I wanted to have a broader discussion on responsible AI development principles. As we build more AI models, how do we ensure they are helpful, harmless, and aligned with human values?

B: This is an important topic. We need to make ethical considerations a priority from the beginning of any AI project, not an afterthought. I think we should develop a review process focused on safety for all new models. 

Action item: Draft a proposal for an AI model safety review framework 

C: I agree. We should analyze potential risks like data bias and misuse upfront. Models also need to be secure - what if they were hacked?

Action item: Outline additional potential safety risks to address such as data/algorithm bias and security

A: Valid points. Besides analyzing risks, we also need to ensure the objectives we give AI align with human values more broadly. Like being helpful to users, not just maximizing some narrow metric. 

Action item: Explore methodologies for value alignment in AI systems

B: The objectives point connects to transparency too. Any AI decisions that impact users should be explainable. If we can't understand why an AI did something, we can't verify it's aligned.  

Action item: Research existing XAI (explainable AI) techniques to augment our models

C: Adding explainability makes sense. We should also discuss how to carefully test models before launch to catch additional issues. And have a plan to monitor their impacts over time.

Action item: Develop testing and monitoring standards for AI models based on industry best practices

A: Great suggestions all around. It seems like we have a blueprint to make responsibility, safety and ethics central to our AI efforts here. I'm optimistic if we build these considerations in from the start, we can drive real progress. Does anyone have any other thoughts before we break?",Here are the action items I gathered for each person from the conversation: <output> A:   - Explore methodologies for value alignment in AI systems B: - Draft a proposal for an AI model safety review framework - Research existing XAI (explainable AI) techniques to augment our models C:  - Outline additional potential safety risks to address such as data/algorithm bias and security - Develop testing and monitoring standards for AI models based on industry best practices </output>,"<output>
Here are the action items I gathered for each person:

A:
- Draft a proposal for an AI model safety review framework
- Explore methodologies for value alignment in AI systems

B:
- Outline additional potential safety risks to address such as data/algorithm bias and security
- Research existing XAI (explainable AI) techniques to augment our models
- Develop testing and monitoring standards for AI models based on industry best practices

C:
- Add explainability to AI models
- Discuss how to carefully test models before launch to catch additional issues
- Have a plan to monitor their impacts over time
</output>","<output>
A: 
- No explicit action items stated

B:  
- Draft a proposal for an AI model safety review framework

C:
- Outline additional potential safety risks to address such as data/algorithm bias and security

A:  
- Explore methodologies for value alignment in AI systems 

B:
- Research existing XAI (explainable AI) techniques to augment our models

C:
- Develop testing and monitoring standards for AI models based on industry best practices
</output>","<output>
A: 
- Draft a proposal for an AI model safety review framework 
- Explore methodologies for value alignment in AI systems 

B: 
- None

C:
- Outline additional safety risks 
- Discuss how to carefully test models before launch and monitor their impacts over time 
- Implement testing and monitoring standards for AI based on industry best practices 

</output>

I hope these action items help ensure that the key topics and next steps from your meeting are actionable! Do you need help with anything else?"
call_center_transcript_4,"A: I wanted to further discuss options for the optimal cloud instance type to host our new product recommendation model. As a refresher on the requirements - this model will be query intensive, with thousands of customers hitting the prediction API simultaneously. And it relies on a large deep neural network for the recommendations. 

B: Yes, we should go through the pros and cons again of the main instance family options available. For standard instance types without GPUs, we'd likely need to go with a high CPU and memory specification to handle the computation and concurrency needs.

C: Standard instances would be more cost-effective, but prediction latency would suffer without GPU acceleration. The neural network calculations could be 5-10x slower based on our initial benchmarks. For a customer-facing model, slow predictions could lead to poor user experience.

A: That's a very good point. While GPU-powered instances would be more expensive, the business value of sub-second prediction latency for users is high. We want customers to get engaging, personalized recommendations immediately to drive conversions.

B: I agree, I think GPU acceleration makes more sense despite the increased cloud costs. In addition to the deep learning performance boost, some of the other model parallelization and tuning optimizations we're doing would also run faster on GPUs.

C: It seems like GPU instances are the way to go then as long as the total monthly cost is affordable. However, we may be able to optimize the specific type of GPU instance to find the best balance of throughput versus cost. 

A: Definitely, the major cloud providers offer an array of GPU instance types optimized for different use cases. We should benchmark performance against our workload with NVIDIA T4 GPUs, which are cost-optimized options, as well as some higher-end options like A100 GPUs.

C: Do you think we should also explore using something like Elastic Inference GPU attachments? Those let you augment existing instances with fractional GPU access that is more cost-effective.

B: Hmm good question. In theory that could work well for the cost-performance balance. We'd need to test compatibility with the types of GPU optimizations we're running in the model though...","Here are the action items I gathered for each person from the conversation: <output> A: - Benchmark performance of recommendation model against different GPU instance types (NVIDIA T4, A100, etc.) - Explore using Elastic Inference GPU attachments for cost savings  B: - None explicitly stated C:  - Explore optimizing the specific type of GPU instance to find the best balance of throughput versus cost - Test compatibility of Elastic Inference GPU attachments with model optimizations  </output>","<output>
Here are the action items I gathered for each person:

A:
- Evaluate cost-optimized GPU instance types like NVIDIA T4 GPUs and higher-end options like A100 GPUs for benchmarking performance against workload
- Explore using Elastic Inference GPU attachments for cost-effective GPU access
- Determine compatibility with model's GPU optimizations

B:
- None explicitly stated

C:
- Research and evaluate cost-optimized GPU instance types like NVIDIA T4 GPUs and higher-end options like A100 GPUs for benchmarking performance against workload
- Explore using Elastic Inference GPU attachments for cost-effective GPU access
- Determine compatibility with model's GPU optimizations
- Recommend the optimal cloud instance type based on cost, performance, and compatibility requirements
- Collaborate with the cloud team to provision and configure the instance type
- Monitor performance and adjust as needed
</output>","<output>
A: 
- Benchmark performance of recommendation model against different GPU instance types from major cloud providers including NVIDIA T4 and A100 GPUs
- Consider exploring Elastic Inference GPU attachments and test compatibility with model optimizations

B: 
- Help benchmark performance against different GPU instance types
- Consider exploring Elastic Inference GPU attachments and provide input on compatibility with model optimizations

C: 
- Consider exploring Elastic Inference GPU attachments as an alternative to full GPU instances for cost-performance balance  
- Help benchmark performance against different GPU instance types
</output>","Here are the action items for each speaker:

A:
- Lead a discussion on the requirements of the product recommendation model
- Evaluate the optimal cloud instance type that can handle thousands of customers 
- Assess the pros and cons of standard instance types without GPUs and their ability to handle computation and concurrency needs

B:
- Provide information on the different instance types available and their potential impact on the model 
- Help evaluate the option of GPU-powered instances and their potential boost to performance 

C:
- Outline the potential for increased prediction latency with standard instances and its impact on user experience 
- Highlight the potential cost savings of Elastic Inference GPU attachments and test compatibility with the types of GPU optimizations being used 

Would you like me to generate any other lists of action items based on conversation transcripts?"
